klasa,c1,c2,c3,c4,c5,c6,c7,c8,c9,c10,c11,c12,c13,c14,c15,cx,cy,pr
2,19,18,13,12,11,10,11,10,13,13,11,10,13,17,22,7,20,5.656854152679443
2,24,23,14,13,11,10,12,14,12,13,12,12,12,13,18,9,18,17.55634891986847
