klasa,c1,c2,c3,c4,c5,c6,c7,c8,c9,c10,c11,c12,c13,c14,c15,cx,cy,pr
9,24,14,11,15,17,17,18,17,17,19,20,17,3,4,7,6,21,5.656854152679443
9,16,11,9,9,12,15,16,16,15,15,13,7,7,4,6,6,21,5.656854152679443
9,18,12,10,12,16,16,18,18,19,17,16,12,3,4,11,6,21,11.071067690849304
9,18,10,10,10,9,16,17,17,17,14,9,3,6,12,15,6,20,9.656854152679443
