klasa,c1,c2,c3,c4,c5,c6,c7,c8,c9,c10,c11,c12,c13,c14,c15,cx,cy,pr
Z,4,4,3,2,16,19,20,20,20,20,18,1,3,5,6,10,20,5.656854152679443
Z,8,6,4,18,19,19,19,19,19,20,19,18,4,6,9,9,19,9.071067690849304
