klasa,c1,c2,c3,c4,c5,c6,c7,c8,c9,c10,c11,c12,c13,c14,c15,cx,cy,pr
8,5,4,0,7,13,15,16,17,17,13,13,12,6,11,12,6,21,5.656854152679443
8,24,8,4,4,13,13,15,16,16,15,15,3,4,9,22,7,20,9.656854152679443
8,12,7,5,14,18,16,19,19,19,17,16,11,6,8,18,8,21,5.656854152679443
8,22,8,4,5,14,16,18,19,17,16,14,4,5,9,21,8,22,5.656854152679443
8,12,10,6,9,15,16,16,15,16,13,13,3,4,10,11,6,17,18.727921843528748
