klasa,c1,c2,c3,c4,c5,c6,c7,c8,c9,c10,c11,c12,c13,c14,c15,cx,cy,pr
C,13,12,4,4,2,18,19,19,19,17,16,14,16,21,23,8,18,5.656854152679443
C,23,8,5,3,13,18,19,19,19,20,17,15,15,18,22,12,17,5.656854152679443
C,18,17,7,4,4,19,18,19,18,19,16,16,15,16,23,6,8,5.656854152679443
C,10,8,4,4,11,15,19,19,19,16,17,17,16,19,24,7,20,5.656854152679443
C,23,4,2,18,17,19,21,21,19,19,17,17,16,18,24,7,20,13.899494767189026
