klasa,c1,c2,c3,c4,c5,c6,c7,c8,c9,c10,c11,c12,c13,c14,c15,cx,cy,pr
6,8,5,4,10,19,19,18,18,18,19,16,15,10,13,18,5,21,5.656854152679443
6,8,7,4,3,11,15,16,17,14,16,7,8,11,12,24,9,17,7.656854152679443
6,10,8,4,3,12,13,15,16,13,11,12,10,10,16,18,6,20,7.656854152679443
6,8,4,2,16,19,18,18,18,18,18,18,15,9,12,19,9,21,5.656854152679443
