klasa,c1,c2,c3,c4,c5,c6,c7,c8,c9,c10,c11,c12,c13,c14,c15,cx,cy,pr
5,24,7,6,5,14,16,16,17,17,18,16,13,7,8,13,7,18,5.656854152679443
5,23,8,8,8,18,17,18,18,16,17,16,13,9,10,17,5,20,7.656854152679443
5,22,7,6,6,16,17,17,17,17,15,15,7,7,10,18,5,19,5.656854152679443
