klasa,c1,c2,c3,c4,c5,c6,c7,c8,c9,c10,c11,c12,c13,c14,c15,cx,cy,pr
K,9,1,1,3,16,16,14,14,12,15,14,13,15,15,19,7,21,5.656854152679443
K,22,0,0,2,19,18,16,14,14,15,16,16,15,19,22,4,17,11.071067690849304
K,20,1,1,2,19,18,15,15,15,16,14,16,18,19,21,5,22,5.656854152679443
K,18,1,0,9,15,15,16,12,14,12,15,15,19,21,24,7,20,7.656854152679443
