klasa,c1,c2,c3,c4,c5,c6,c7,c8,c9,c10,c11,c12,c13,c14,c15,cx,cy,pr
G,23,6,3,10,18,21,21,22,17,17,16,15,9,11,15,2,22,5.656854152679443
G,15,4,2,17,19,20,20,18,17,16,16,12,8,10,24,8,21,7.656854152679443
G,8,3,3,6,21,21,20,17,16,17,17,9,10,12,23,7,20,9.071067690849304
