klasa,c1,c2,c3,c4,c5,c6,c7,c8,c9,c10,c11,c12,c13,c14,c15,cx,cy,pr
3,23,17,15,16,20,20,18,17,18,19,16,10,4,8,19,10,19,5.656854152679443
3,18,17,16,17,16,14,17,17,17,14,2,4,7,19,21,7,21,5.656854152679443
3,21,17,15,16,17,16,18,17,17,17,14,5,3,7,12,5,21,5.656854152679443
