klasa,c1,c2,c3,c4,c5,c6,c7,c8,c9,c10,c11,c12,c13,c14,c15,cx,cy,pr
U,6,5,3,4,22,22,21,21,21,22,12,11,3,4,5,7,18,12.485281229019165
U,9,3,2,3,24,24,24,23,23,24,23,3,2,5,6,4,19,13.899494767189026
U,5,3,1,15,23,22,22,22,23,22,21,4,4,5,20,8,20,5.656854152679443
U,16,15,3,2,3,20,20,22,21,22,22,3,3,5,9,7,18,17.899494767189026
