klasa,c1,c2,c3,c4,c5,c6,c7,c8,c9,c10,c11,c12,c13,c14,c15,cx,cy,pr
S,19,14,12,11,12,12,12,12,12,12,10,11,12,18,22,5,19,5.656854152679443
S,19,17,14,12,15,17,16,15,16,14,12,13,15,17,22,8,20,5.656854152679443
S,23,15,12,8,14,16,16,16,16,17,15,13,10,13,24,6,20,14.485281229019165
