klasa,c1,c2,c3,c4,c5,c6,c7,c8,c9,c10,c11,c12,c13,c14,c15,cx,cy,pr
Z,22,22,22,17,14,12,13,15,15,14,14,17,19,23,23,5,21,5.656854152679443
Z,22,18,16,15,15,14,14,14,15,13,12,14,16,18,23,10,21,5.656854152679443
