klasa,c1,c2,c3,c4,c5,c6,c7,c8,c9,c10,c11,c12,c13,c14,c15,cx,cy,pr
B,7,0,0,1,17,18,17,17,17,17,16,1,2,3,12,7,22,5.656854152679443
B,0,0,0,17,18,18,18,18,18,18,16,14,2,4,9,6,21,5.656854152679443
