klasa,c1,c2,c3,c4,c5,c6,c7,c8,c9,c10,c11,c12,c13,c14,c15,cx,cy,pr
4,21,20,18,16,16,17,17,17,17,17,15,0,0,20,22,6,22,5.656854152679443
4,23,22,18,17,15,16,14,18,15,17,15,11,0,1,3,8,22,5.656854152679443
4,