klasa,c1,c2,c3,c4,c5,c6,c7,c8,c9,c10,c11,c12,c13,c14,c15,cx,cy,pr
J,23,21,19,20,20,21,21,21,21,20,3,2,1,4,5,6,20,5.656854152679443
J,23,22,21,22,23,22,23,23,23,22,23,2,1,2,5,7,22,5.656854152679443
